Nnodes,TimeIdentified,TimeBlocked,TimeDelta
4,1728025166.5963767,1728025210.300292,43.70391535758972
4,1728025406.1300948,1728025458.671697,52.54160213470459
4,1728025645.4480238,1728025705.978099,60.53007531166077
