Nnodes,TimeIdentified,TimeBlocked,TimeDelta
4,1727679635.445248,1727679687.7830176,52.337769746780396
4,1727679904.9683082,1727679978.1637685,73.19546031951904
