Nnodes,TimeIdentified,TimeBlocked,TimeDelta
4,1727719729.9858248,1727719789.4627974,59.476972579956055
4,1727719945.8633983,1727720011.3953943,65.53199601173401
4,1727720159.3205569,1727720234.4954195,75.17486262321472
4,1727723636.778182,1727723684.3129284,47.534746408462524
4,1727723847.2951925,1727723906.4489057,59.15371322631836
