Nnodes,TimeIdentified,TimeBlocked,TimeDelta
4,1727720379.6494844,1727720425.0174842,45.367999792099
4,1727720622.7433379,1727720680.3317304,57.58839249610901
4,1727720865.056274,1727720936.2375703,71.18129634857178
