Nnodes,TimeIdentified,TimeBlocked,TimeDelta
4,1728024523.1582727,1728024594.5077999,71.34952712059021
4,1728024735.3652244,1728024778.6747508,43.309526443481445
4,1728024947.5088792,1728024994.5227447,47.01386547088623
