Nnodes,TimeIdentified,TimeBlocked,TimeDelta
4,1728026776.284507,1728026828.0751197,51.79061269760132
4,1728027046.7798102,1728027096.3336308,49.55382061004639
4,1728027321.5868971,1728027374.2150908,52.628193616867065
