Nnodes,TimeIdentified,TimeBlocked,TimeDelta
4,1727677517.5674465,1727677589.4771166,71.90967011451721
4,1727677761.6172774,1727677819.2232974,57.60601997375488
4,1727677999.4005673,1727678048.6021826,49.20161533355713
4,1727678237.2458436,1727678313.0838492,75.83800554275513
