Nnodes,TimeIdentified,TimeBlocked,TimeDelta
4,1727676648.8052607,1727676711.6551006,62.84983992576599
4,1727676864.584377,1727676940.2649245,75.68054747581482
4,1727677078.6701386,1727677134.6906946,56.02055597305298
4,1727677295.2755988,1727677362.197325,66.92172622680664
