Nnodes,TimeIdentified,TimeBlocked,TimeDelta
4,1727721120.658731,1727721129.433127,8.774395942687988
4,1727721410.478672,1727721437.9944618,27.51578974723816
4,1727721700.4151053,1727721791.3570313,90.94192600250244
