Nnodes,TimeIdentified,TimeBlocked,TimeDelta
4,1728025895.7470431,1728026631.9815938,736.2345507144928
4,1728026192.726457,1728027084.5708146,891.8443574905396
4,1728026486.9121695,1728027494.0314817,1007.119312286377
