Nnodes,TimeIdentified,TimeBlocked,TimeDelta
4,1727678486.8164706,1727678583.966464,97.14999341964722
4,1727678773.8435445,1727678943.6215305,169.7779860496521
4,1727679061.3709788,1727679078.2011907,16.830211877822876
4,1727679349.4644349,1727679393.8161638,44.35172891616821
