Nnodes,TimeIdentified,TimeBlocked,TimeDelta
4,1727721990.7974744,1727722054.931087,64.13361263275146
4,1727722261.9792023,1727722333.3402085,71.36100625991821
4,1727722530.612656,1727722582.7746334,52.16197729110718
