Nnodes,TimeIdentified,TimeUnblocked,TimeDelta
4,1728026058.1883066,1728026858.1916308,800.0033242702484
4,1728026351.3723354,1728027312.268096,960.8957605361938
4,1728026643.6789074,1728027722.2942836,1078.6153762340546
