Nnodes,TimeIdentified,TimeUnblocked,TimeDelta
4,1727678640.132538,1727678808.5813932,168.44885516166687
4,1727678928.4048638,1727679124.1566544,195.75179052352905
4,1727679505.9962602,1727679528.6296108,22.633350610733032
