Nnodes,TimeIdentified,TimeUnblocked,TimeDelta
4,1728024639.2785203,1728024686.9708416,47.69232130050659
4,1728024852.338837,1728024902.326557,49.987720012664795
4,1728025064.3481297,1728025118.0633779,53.715248107910156
