Nnodes,TimeIdentified,TimeUnblocked,TimeDelta
4,1727722137.555302,1727722225.2498343,87.69453239440918
4,1727722406.7377734,1727722512.7492146,106.01144123077393
4,1727722674.1028483,1727722761.956175,87.85332679748535
