Nnodes,TimeIdentified,TimeUnblocked,TimeDelta
4,1727676766.1712449,1727676842.2201762,76.04893136024475
4,1727676981.3185434,1727677069.7779152,88.45937180519104
4,1727677196.3881161,1727677264.61285,68.22473382949829
4,1727677413.428794,1727677492.2142375,78.78544354438782
