Nnodes,TimeIdentified,TimeUnblocked,TimeDelta
4,1727677649.3119516,1727677721.136794,71.82484245300293
4,1727677891.2217538,1727677982.6746988,91.45294499397278
4,1727678128.1358008,1727678214.0205653,85.8847644329071
4,1727678366.094291,1727678445.8690655,79.7747745513916
