Nnodes,TimeIdentified,TimeUnblocked,TimeDelta
4,1727679781.4675488,1727679869.2050629,87.73751401901245
