Nnodes,TimeIdentified,TimeUnblocked,TimeDelta
4,1728026929.8933823,1728026995.8653321,65.97194981575012
4,1728027192.2617571,1728027270.1295214,77.86776423454285
4,1728027478.4252532,1728027548.2889805,69.8637273311615
