Nnodes,TimeIdentified,TimeUnblocked,TimeDelta
4,1727721275.9719698,1727721304.9541216,28.982151746749878
4,1727721566.365407,1727721615.1520483,48.786641359329224
4,1727721858.688788,1727722012.7443497,154.05556178092957
