Nnodes,TimeIdentified,TimeUnblocked,TimeDelta
4,1727720511.4313571,1727720584.889471,73.4581139087677
4,1727720753.3937223,1727720840.1848125,86.79109025001526
4,1727720998.372228,1727721065.2694254,66.89719748497009
