Nnodes,TimeIdentified,TimeUnblocked,TimeDelta
4,1727719847.3672569,1727719916.7950351,69.42777824401855
4,1727720063.3206408,1727720138.5716157,75.25097489356995
4,1727720276.3256245,1727720361.623549,85.2979245185852
4,1727723752.2021713,1727723843.4417565,91.2395851612091
4,1727723963.1127608,1727724034.6705277,71.55776691436768
