Nnodes,TimeIdentified,TimeBlocked,TimeDelta
4,1729104379.3469725,1729104426.582133,47.23516058921814
4,1729104768.0092907,1729104819.2954698,51.286179065704346
4,1729105157.7368019,1729105211.533212,53.79641008377075
