Nnodes,TimeIdentified,TimeBlocked,TimeDelta
4,1729105554.3576732,1729105606.2854295,51.92775630950928
4,1729105980.7068806,1729106035.9030783,55.196197748184204
4,1729106407.0696366,1729106471.967649,64.89801239967346
