Nnodes,TimeIdentified,TimeBlocked,TimeDelta
4,1729108336.6743143,1729108412.230057,75.5557427406311
4,1729108813.0466104,1729108877.9620097,64.91539931297302
4,1729109284.8368838,1729109372.0187728,87.18188905715942
