Nnodes,TimeIdentified,TimeBlocked,TimeDelta
4,1729106845.3558202,1729107823.155652,977.799831867218
4,1729107344.474967,1729108460.5701625,1116.095195531845
4,1729107840.8137987,1729109058.823655,1218.00985622406
