Nnodes,TimeIdentified,TimeUnblocked,TimeDelta
4,1729107091.6790354,1729108141.1831422,1049.504106760025
4,1729107598.6710525,1729108782.184626,1183.5135736465454
4,1729108097.1467915,1729109382.6054513,1285.4586598873138
