Nnodes,TimeIdentified,TimeUnblocked,TimeDelta
4,1729108567.8500512,1729108660.1690977,92.31904649734497
4,1729109039.0499766,1729109139.9853742,100.93539762496948
4,1729109516.6094098,1729109605.1533663,88.54395651817322
