Nnodes,TimeIdentified,TimeUnblocked,TimeDelta
4,1729104559.208704,1729104623.1987798,63.9900758266449
4,1729104941.9348102,1729105015.2808502,73.34604001045227
4,1729105331.224003,1729105408.4200883,77.19608521461487
