Nnodes,TimeIdentified,TimeUnblocked,TimeDelta
4,1729105753.4081633,1729105804.2918563,50.88369297981262
4,1729106178.1202173,1729106236.301411,58.181193590164185
4,1729106609.370481,1729106677.5538626,68.1833815574646
